{"alwaysOnTop":false,"backgroundColor":null,"basicAuthPassword":null,"basicAuthUsername":null,"bounce":false,"clearCache":false,"counter":false,"darwinDarkModeSupport":false,"disableGpu":false,"diskCacheSize":null,"enableEs3Apis":false,"fastQuit":false,"flashPluginDir":null,"fullScreen":false,"globalShortcuts":null,"height":800,"ignoreCertificate":false,"ignoreGpuBlacklist":false,"insecure":false,"internalUrls":null,"blockExternalUrls":false,"maximize":false,"name":"Web","nativefierVersion":"9.2.0","proxyRules":null,"showMenuBar":false,"singleInstance":false,"targetUrl":"https://web.whatsapp.com/","titleBarStyle":null,"tray":false,"userAgent":"Mozilla/5.0 (Macintosh; Intel Mac OS X 10_12_5) AppleWebKit/537.36 (KHTML, like Gecko) Chrome/83.0.4103.122 Safari/537.36","width":1280,"win32metadata":{"ProductName":"Web","InternalName":"Web","FileDescription":"Web"},"zoom":1}